name,image
all,https://github.com/Pratiable/project_image_test/blob/main/images_jpg/%E1%84%8C%E1%85%A5%E1%86%AB%E1%84%8E%E1%85%A6-%E1%84%86%E1%85%A6%E1%84%8B%E1%85%B5%E1%86%AB.jpg?raw=true
pork,https://github.com/Pratiable/project_image_test/blob/main/images_jpg/pork/main.jpg?raw=true
beef,https://github.com/Pratiable/project_image_test/blob/main/images_jpg/beef/main.jpg?raw=true
chicken,https://github.com/Pratiable/project_image_test/blob/main/images_jpg/chicken/main.jpg?raw=true
seafood,https://github.com/Pratiable/project_image_test/blob/main/images_jpg/seafood/main.jpg?raw=true