image_url,product_id,sequence
https://github.com/Pratiable/project_image_test/blob/main/images_jpg/seafood/%E1%84%80%E1%85%A6_detail_1.jpg?raw=true,1,1
https://github.com/Pratiable/project_image_test/blob/main/images_jpg/seafood/%E1%84%80%E1%85%A6_detail_2.jpg?raw=true,1,2
https://github.com/Pratiable/project_image_test/blob/main/images_jpg/seafood/%E1%84%80%E1%85%AE%E1%86%AF_detail_1.jpg?raw=true,2,1
https://github.com/Pratiable/project_image_test/blob/main/images_jpg/seafood/%E1%84%80%E1%85%AE%E1%86%AF_detail_2.jpg?raw=true,2,2
https://github.com/Pratiable/project_image_test/blob/main/images_jpg/seafood/%E1%84%89%E1%85%A2%E1%84%8B%E1%85%AE_detail_1.jpg?raw=true,3,1
https://github.com/Pratiable/project_image_test/blob/main/images_jpg/seafood/%E1%84%89%E1%85%A2%E1%84%8B%E1%85%AE_detail_2.jpg?raw=true,3,2
https://github.com/Pratiable/project_image_test/blob/main/images_jpg/seafood/%E1%84%8B%E1%85%A7%E1%86%AB%E1%84%8B%E1%85%A5_detail_1.jpg?raw=true,4,1
https://github.com/Pratiable/project_image_test/blob/main/images_jpg/seafood/%E1%84%8B%E1%85%A7%E1%86%AB%E1%84%8B%E1%85%A5_detail_2.jpg?raw=true,4,2
https://github.com/Pratiable/project_image_test/blob/main/images_jpg/chicken/%E1%84%83%E1%85%A1%E1%86%B0%E1%84%80%E1%85%A1%E1%84%89%E1%85%B3%E1%86%B7%E1%84%89%E1%85%A1%E1%86%AF_detail_1.jpg,5,1
https://github.com/Pratiable/project_image_test/blob/main/images_jpg/chicken/%E1%84%83%E1%85%A1%E1%86%B0%E1%84%80%E1%85%A1%E1%84%89%E1%85%B3%E1%86%B7%E1%84%89%E1%85%A1%E1%86%AF_detail_2.jpg,5,2
https://github.com/Pratiable/project_image_test/blob/main/images_jpg/chicken/%E1%84%83%E1%85%A1%E1%86%B0%E1%84%87%E1%85%A9%E1%86%A9%E1%84%8B%E1%85%B3%E1%86%B7%E1%84%90%E1%85%A1%E1%86%BC_detail_1.jpg?raw=true,6,1
https://github.com/Pratiable/project_image_test/blob/main/images_jpg/chicken/%E1%84%83%E1%85%A1%E1%86%B0%E1%84%87%E1%85%A9%E1%86%A9%E1%84%8B%E1%85%B3%E1%86%B7%E1%84%90%E1%85%A1%E1%86%BC_detail_2.jpg?raw=true,6,2
https://github.com/Pratiable/project_image_test/blob/main/images_jpg/chicken/%E1%84%83%E1%85%A1%E1%86%B0%E1%84%83%E1%85%A1%E1%84%85%E1%85%B5_detail_1.jpg?raw=true,7,1
https://github.com/Pratiable/project_image_test/blob/main/images_jpg/chicken/%E1%84%83%E1%85%A1%E1%86%B0%E1%84%83%E1%85%A1%E1%84%85%E1%85%B5_detail_2.jpg?raw=true,7,2
https://github.com/Pratiable/project_image_test/blob/main/images_jpg/chicken/%E1%84%83%E1%85%A1%E1%86%B0%E1%84%82%E1%85%A1%E1%86%AF%E1%84%80%E1%85%A2_detail_1.jpg?raw=true,8,1
https://github.com/Pratiable/project_image_test/blob/main/images_jpg/chicken/%E1%84%83%E1%85%A1%E1%86%B0%E1%84%82%E1%85%A1%E1%86%AF%E1%84%80%E1%85%A2_detail_2.jpg?raw=true,8,2
https://github.com/Pratiable/project_image_test/blob/main/images_jpg/chicken/%E1%84%90%E1%85%A9%E1%86%BC%E1%84%83%E1%85%A1%E1%86%B0_detail_1.jpg?raw=true,9,1
https://github.com/Pratiable/project_image_test/blob/main/images_jpg/chicken/%E1%84%90%E1%85%A9%E1%86%BC%E1%84%83%E1%85%A1%E1%86%B0_detail_2.jpg?raw=true,9,2
https://github.com/Pratiable/project_image_test/blob/main/images_jpg/chicken/%E1%84%83%E1%85%A1%E1%86%B0%E1%84%80%E1%85%A1%E1%84%89%E1%85%B3%E1%86%B7%E1%84%89%E1%85%A1%E1%86%AF_detail_1.jpg,10,1
https://github.com/Pratiable/project_image_test/blob/main/images_jpg/chicken/%E1%84%83%E1%85%A1%E1%86%B0%E1%84%80%E1%85%A1%E1%84%89%E1%85%B3%E1%86%B7%E1%84%89%E1%85%A1%E1%86%AF_detail_2.jpg,10,2
https://github.com/Pratiable/project_image_test/blob/main/images_jpg/chicken/%E1%84%83%E1%85%A1%E1%86%B0%E1%84%87%E1%85%A9%E1%86%A9%E1%84%8B%E1%85%B3%E1%86%B7%E1%84%90%E1%85%A1%E1%86%BC_detail_1.jpg?raw=true,11,1
https://github.com/Pratiable/project_image_test/blob/main/images_jpg/chicken/%E1%84%83%E1%85%A1%E1%86%B0%E1%84%87%E1%85%A9%E1%86%A9%E1%84%8B%E1%85%B3%E1%86%B7%E1%84%90%E1%85%A1%E1%86%BC_detail_2.jpg?raw=true,11,2
https://github.com/Pratiable/project_image_test/blob/main/images_jpg/chicken/%E1%84%83%E1%85%A1%E1%86%B0%E1%84%83%E1%85%A1%E1%84%85%E1%85%B5_detail_1.jpg?raw=true,12,1
https://github.com/Pratiable/project_image_test/blob/main/images_jpg/chicken/%E1%84%83%E1%85%A1%E1%86%B0%E1%84%83%E1%85%A1%E1%84%85%E1%85%B5_detail_2.jpg?raw=true,12,2
https://github.com/Pratiable/project_image_test/blob/main/images_jpg/chicken/%E1%84%83%E1%85%A1%E1%86%B0%E1%84%82%E1%85%A1%E1%86%AF%E1%84%80%E1%85%A2_detail_1.jpg?raw=true,13,1
https://github.com/Pratiable/project_image_test/blob/main/images_jpg/chicken/%E1%84%83%E1%85%A1%E1%86%B0%E1%84%82%E1%85%A1%E1%86%AF%E1%84%80%E1%85%A2_detail_2.jpg?raw=true,13,2
https://github.com/Pratiable/project_image_test/blob/main/images_jpg/chicken/%E1%84%90%E1%85%A9%E1%86%BC%E1%84%83%E1%85%A1%E1%86%B0_detail_1.jpg?raw=true,14,1
https://github.com/Pratiable/project_image_test/blob/main/images_jpg/chicken/%E1%84%90%E1%85%A9%E1%86%BC%E1%84%83%E1%85%A1%E1%86%B0_detail_2.jpg?raw=true,14,2
https://github.com/Pratiable/project_image_test/blob/main/images_jpg/beef/%E1%84%83%E1%85%B3%E1%86%BC%E1%84%89%E1%85%B5%E1%86%B7_%20detail_1.jpg?raw=true,15,1
https://github.com/Pratiable/project_image_test/blob/main/images_jpg/beef/%E1%84%83%E1%85%B3%E1%86%BC%E1%84%89%E1%85%B5%E1%86%B7_detail_2.jpg?raw=true,15,2
https://github.com/Pratiable/project_image_test/blob/main/images_jpg/beef/%E1%84%8B%E1%85%A1%E1%86%AB%E1%84%89%E1%85%B5%E1%86%B7_detail_1.jpg?raw=true,16,1
https://github.com/Pratiable/project_image_test/blob/main/images_jpg/beef/%E1%84%8B%E1%85%A1%E1%86%AB%E1%84%89%E1%85%B5%E1%86%B7_detail_2.jpg?raw=true,16,2
https://github.com/Pratiable/project_image_test/blob/main/images_jpg/beef/%E1%84%8E%E1%85%A2%E1%84%81%E1%85%B3%E1%87%80_detail_1.jpg?raw=true,17,1
https://github.com/Pratiable/project_image_test/blob/main/images_jpg/beef/%E1%84%8E%E1%85%A2%E1%84%81%E1%85%B3%E1%87%80_detail_2.jpg?raw=true,17,2
https://github.com/Pratiable/project_image_test/blob/main/images_jpg/beef/%E1%84%80%E1%85%AE%E1%86%A8%E1%84%80%E1%85%A5%E1%84%85%E1%85%B5_detail_1.jpg?raw=true,18,1
https://github.com/Pratiable/project_image_test/blob/main/images_jpg/beef/%E1%84%80%E1%85%AE%E1%86%A8%E1%84%80%E1%85%A5%E1%84%85%E1%85%B5_detail_2.jpg?raw=true,18,2
https://github.com/Pratiable/project_image_test/blob/main/images_jpg/beef/%E1%84%87%E1%85%AE%E1%86%AB%E1%84%89%E1%85%AB%E1%84%8B%E1%85%B2%E1%86%A8_detail_1.jpg?raw=true,19,1
https://github.com/Pratiable/project_image_test/blob/main/images_jpg/beef/%E1%84%87%E1%85%AE%E1%86%AB%E1%84%89%E1%85%AB%E1%84%8B%E1%85%B2%E1%86%A8_detail_2.jpg?raw=true,19,2
https://github.com/Pratiable/project_image_test/blob/main/images_jpg/beef/%E1%84%83%E1%85%B3%E1%86%BC%E1%84%89%E1%85%B5%E1%86%B7_%20detail_1.jpg?raw=true,20,1
https://github.com/Pratiable/project_image_test/blob/main/images_jpg/beef/%E1%84%83%E1%85%B3%E1%86%BC%E1%84%89%E1%85%B5%E1%86%B7_detail_2.jpg?raw=true,20,2
https://github.com/Pratiable/project_image_test/blob/main/images_jpg/beef/%E1%84%8B%E1%85%A1%E1%86%AB%E1%84%89%E1%85%B5%E1%86%B7_detail_1.jpg?raw=true,21,1
https://github.com/Pratiable/project_image_test/blob/main/images_jpg/beef/%E1%84%8B%E1%85%A1%E1%86%AB%E1%84%89%E1%85%B5%E1%86%B7_detail_2.jpg?raw=true,21,2
https://github.com/Pratiable/project_image_test/blob/main/images_jpg/beef/%E1%84%8E%E1%85%A2%E1%84%81%E1%85%B3%E1%87%80_detail_1.jpg?raw=true,22,1
https://github.com/Pratiable/project_image_test/blob/main/images_jpg/beef/%E1%84%8E%E1%85%A2%E1%84%81%E1%85%B3%E1%87%80_detail_2.jpg?raw=true,22,2
https://github.com/Pratiable/project_image_test/blob/main/images_jpg/beef/%E1%84%80%E1%85%AE%E1%86%A8%E1%84%80%E1%85%A5%E1%84%85%E1%85%B5_detail_1.jpg?raw=true,23,1
https://github.com/Pratiable/project_image_test/blob/main/images_jpg/beef/%E1%84%80%E1%85%AE%E1%86%A8%E1%84%80%E1%85%A5%E1%84%85%E1%85%B5_detail_2.jpg?raw=true,23,2
https://github.com/Pratiable/project_image_test/blob/main/images_jpg/beef/%E1%84%87%E1%85%AE%E1%86%AB%E1%84%89%E1%85%AB%E1%84%8B%E1%85%B2%E1%86%A8_detail_1.jpg?raw=true,24,1
https://github.com/Pratiable/project_image_test/blob/main/images_jpg/beef/%E1%84%87%E1%85%AE%E1%86%AB%E1%84%89%E1%85%AB%E1%84%8B%E1%85%B2%E1%86%A8_detail_2.jpg?raw=true,24,2
https://github.com/Pratiable/project_image_test/blob/main/images_jpg/pork/%E1%84%89%E1%85%A1%E1%86%B7%E1%84%80%E1%85%A7%E1%86%B8%E1%84%89%E1%85%A1%E1%86%AF_detail_1.jpg?raw=true,25,1
https://github.com/Pratiable/project_image_test/blob/main/images_jpg/pork/%E1%84%89%E1%85%A1%E1%86%B7%E1%84%80%E1%85%A7%E1%86%B8%E1%84%89%E1%85%A1%E1%86%AF_detail_2.jpg?raw=true,25,2
https://github.com/Pratiable/project_image_test/blob/main/images_jpg/pork/%E1%84%86%E1%85%A9%E1%86%A8%E1%84%89%E1%85%A1%E1%86%AF_detail_1.jpg?raw=true,26,1
https://github.com/Pratiable/project_image_test/blob/main/images_jpg/pork/%E1%84%86%E1%85%A9%E1%86%A8%E1%84%89%E1%85%A1%E1%86%AF_detail_2.jpg?raw=true,26,2
https://github.com/Pratiable/project_image_test/blob/main/images_jpg/pork/%E1%84%87%E1%85%AE%E1%86%AB%E1%84%89%E1%85%AB%E1%84%8B%E1%85%B2%E1%86%A8_detail_1.jpg?raw=true,27,1
https://github.com/Pratiable/project_image_test/blob/main/images_jpg/pork/%E1%84%87%E1%85%AE%E1%86%AB%E1%84%89%E1%85%AB%E1%84%8B%E1%85%B2%E1%86%A8_%20detail_2.jpg?raw=true,27,2
https://github.com/Pratiable/project_image_test/blob/main/images_jpg/pork/%E1%84%83%E1%85%B3%E1%86%BC%E1%84%80%E1%85%A1%E1%86%AF%E1%84%87%E1%85%B5_detail_1.jpg?raw=true,28,1
https://github.com/Pratiable/project_image_test/blob/main/images_jpg/pork/%E1%84%83%E1%85%B3%E1%86%BC%E1%84%80%E1%85%A1%E1%86%AF%E1%84%87%E1%85%B5_detail_2.jpg?raw=true,28,2
https://github.com/Pratiable/project_image_test/blob/main/images_jpg/pork/%E1%84%83%E1%85%A9%E1%86%AB%E1%84%81%E1%85%A1%E1%84%89%E1%85%B3_detail_1.jpg?raw=true,29,1
https://github.com/Pratiable/project_image_test/blob/main/images_jpg/pork/%E1%84%83%E1%85%A9%E1%86%AB%E1%84%81%E1%85%A1%E1%84%89%E1%85%B3_detail_2.jpg?raw=true,29,2
https://github.com/Pratiable/project_image_test/blob/main/images_jpg/pork/%E1%84%89%E1%85%A1%E1%86%B7%E1%84%80%E1%85%A7%E1%86%B8%E1%84%89%E1%85%A1%E1%86%AF_detail_1.jpg?raw=true,30,1
https://github.com/Pratiable/project_image_test/blob/main/images_jpg/pork/%E1%84%89%E1%85%A1%E1%86%B7%E1%84%80%E1%85%A7%E1%86%B8%E1%84%89%E1%85%A1%E1%86%AF_detail_2.jpg?raw=true,30,2
https://github.com/Pratiable/project_image_test/blob/main/images_jpg/pork/%E1%84%86%E1%85%A9%E1%86%A8%E1%84%89%E1%85%A1%E1%86%AF_detail_1.jpg?raw=true,31,1
https://github.com/Pratiable/project_image_test/blob/main/images_jpg/pork/%E1%84%86%E1%85%A9%E1%86%A8%E1%84%89%E1%85%A1%E1%86%AF_detail_2.jpg?raw=true,31,2
https://github.com/Pratiable/project_image_test/blob/main/images_jpg/pork/%E1%84%87%E1%85%AE%E1%86%AB%E1%84%89%E1%85%AB%E1%84%8B%E1%85%B2%E1%86%A8_detail_1.jpg?raw=true,32,1
https://github.com/Pratiable/project_image_test/blob/main/images_jpg/pork/%E1%84%87%E1%85%AE%E1%86%AB%E1%84%89%E1%85%AB%E1%84%8B%E1%85%B2%E1%86%A8_%20detail_2.jpg?raw=true,32,2
https://github.com/Pratiable/project_image_test/blob/main/images_jpg/pork/%E1%84%83%E1%85%B3%E1%86%BC%E1%84%80%E1%85%A1%E1%86%AF%E1%84%87%E1%85%B5_detail_1.jpg?raw=true,33,1
https://github.com/Pratiable/project_image_test/blob/main/images_jpg/pork/%E1%84%83%E1%85%B3%E1%86%BC%E1%84%80%E1%85%A1%E1%86%AF%E1%84%87%E1%85%B5_detail_2.jpg?raw=true,33,2
https://github.com/Pratiable/project_image_test/blob/main/images_jpg/pork/%E1%84%83%E1%85%A9%E1%86%AB%E1%84%81%E1%85%A1%E1%84%89%E1%85%B3_detail_1.jpg?raw=true,34,1
https://github.com/Pratiable/project_image_test/blob/main/images_jpg/pork/%E1%84%83%E1%85%A9%E1%86%AB%E1%84%81%E1%85%A1%E1%84%89%E1%85%B3_detail_2.jpg?raw=true,34,2