name,category_id,butchered_date,price,grams,is_organic,sales,reviews,thumbnail,stock
신선한 꽃게,5,2021-07-16,32000,500,0,29,15,https://github.com/Pratiable/project_image_test/blob/main/images_jpg/seafood/%E1%84%80%E1%85%A6_thumbnail.jpg?raw=true,999
신선한 생굴,5,2021-07-16,20000,300,0,10,28,https://github.com/Pratiable/project_image_test/blob/main/images_jpg/seafood/%E1%84%80%E1%85%AE%E1%86%AF_thumbnail.jpg?raw=true,999
신선한 새우,5,2021-07-16,15000,400,0,9,28,https://github.com/Pratiable/project_image_test/blob/main/images_jpg/seafood/%E1%84%89%E1%85%A2%E1%84%8B%E1%85%AE_thumbnail.jpg?raw=true,999
신선한 노르웨이 연어,5,2021-07-16,25000,500,0,100,28,https://github.com/Pratiable/project_image_test/blob/main/images_jpg/seafood/%E1%84%8B%E1%85%A7%E1%86%AB%E1%84%8B%E1%85%A5_thumbnail.jpg?raw=true,999
신선한 닭가슴살,4,2021-07-16,5400,450,0,150,28,https://github.com/Pratiable/project_image_test/blob/main/images_jpg/chicken/%E1%84%83%E1%85%A1%E1%86%B0%E1%84%80%E1%85%A1%E1%84%89%E1%85%B3%E1%86%B7%E1%84%89%E1%85%A1%E1%86%AF_thumbnail.jpg?raw=true,999
신선한 닭볶음탕,4,2021-07-16,6300,900,0,86,28,https://github.com/Pratiable/project_image_test/blob/main/images_jpg/chicken/%E1%84%83%E1%85%A1%E1%86%B0%E1%84%87%E1%85%A9%E1%86%A9%E1%84%8B%E1%85%B3%E1%86%B7%E1%84%90%E1%85%A1%E1%86%BC_thumbnail.jpg?raw=true,999
신선한 닭다리,4,2021-07-16,6900,450,0,140,28,https://github.com/Pratiable/project_image_test/blob/main/images_jpg/chicken/%E1%84%83%E1%85%A1%E1%86%B0%E1%84%83%E1%85%A1%E1%84%85%E1%85%B5_thumbnail.jpg?raw=true,999
신선한 닭날개,4,2021-07-16,6300,350,0,89,28,https://github.com/Pratiable/project_image_test/blob/main/images_jpg/chicken/%E1%84%83%E1%85%A1%E1%86%B0%E1%84%82%E1%85%A1%E1%86%AF%E1%84%80%E1%85%A2_thumbnail.jpg?raw=true,999
신선한 통닭,4,2021-07-16,6900,1100,0,200,28,https://github.com/Pratiable/project_image_test/blob/main/images_jpg/chicken/%E1%84%90%E1%85%A9%E1%86%BC%E1%84%83%E1%85%A1%E1%86%B0_thumbnail.jpg?raw=true,999
신선한 무항생제 닭가슴살,4,2021-07-16,4800,350,1,100,28,https://github.com/Pratiable/project_image_test/blob/main/images_jpg/chicken/%E1%84%83%E1%85%A1%E1%86%B0%E1%84%80%E1%85%A1%E1%84%89%E1%85%B3%E1%86%B7%E1%84%89%E1%85%A1%E1%86%AF_thumbnail.jpg?raw=true,999
신선한 무항생제 닭볶음탕,4,2021-07-16,7200,900,1,70,28,https://github.com/Pratiable/project_image_test/blob/main/images_jpg/chicken/%E1%84%83%E1%85%A1%E1%86%B0%E1%84%87%E1%85%A9%E1%86%A9%E1%84%8B%E1%85%B3%E1%86%B7%E1%84%90%E1%85%A1%E1%86%BC_thumbnail.jpg?raw=true,999
신선한 무항생제 닭다리,4,2021-07-16,6300,350,1,222,28,https://github.com/Pratiable/project_image_test/blob/main/images_jpg/chicken/%E1%84%83%E1%85%A1%E1%86%B0%E1%84%83%E1%85%A1%E1%84%85%E1%85%B5_thumbnail.jpg?raw=true,999
신선한 무항생제 닭날개,4,2021-07-16,6800,450,1,169,28,https://github.com/Pratiable/project_image_test/blob/main/images_jpg/chicken/%E1%84%83%E1%85%A1%E1%86%B0%E1%84%82%E1%85%A1%E1%86%AF%E1%84%80%E1%85%A2_thumbnail.jpg?raw=true,999
신선한 무항생제 통닭,4,2021-07-16,7800,1100,1,140,28,https://github.com/Pratiable/project_image_test/blob/main/images_jpg/chicken/%E1%84%90%E1%85%A9%E1%86%BC%E1%84%83%E1%85%A1%E1%86%B0_thumbnail.jpg?raw=true,80
흑우 등심(1+등급),3,2021-07-16,40000,300,0,200,28,https://github.com/Pratiable/project_image_test/blob/main/images_jpg/beef/%E1%84%83%E1%85%B3%E1%86%BC%E1%84%89%E1%85%B5%E1%86%B7_thumbnail.jpg?raw=true,999
흑우 안심(1등급),3,2021-07-16,30000,200,0,150,28,https://github.com/Pratiable/project_image_test/blob/main/images_jpg/beef/%E1%84%8B%E1%85%A1%E1%86%AB%E1%84%89%E1%85%B5%E1%86%B7_thumbnail.jpg?raw=true,999
흑우 채끝(1++등급),3,2021-07-16,52000,300,0,30,28,https://github.com/Pratiable/project_image_test/blob/main/images_jpg/beef/%E1%84%8E%E1%85%A2%E1%84%81%E1%85%B3%E1%87%80_thumbnail.jpg?raw=true,999
흑우 국거리(1+등급),3,2021-07-16,25300,300,0,40,28,https://github.com/Pratiable/project_image_test/blob/main/images_jpg/beef/%E1%84%80%E1%85%AE%E1%86%A8%E1%84%80%E1%85%A5%E1%84%85%E1%85%B5_thumbnail.jpg?raw=true,999
흑우 분쇄육,3,2021-07-16,20900,400,0,60,28,https://github.com/Pratiable/project_image_test/blob/main/images_jpg/beef/%E1%84%87%E1%85%AE%E1%86%AB%E1%84%89%E1%85%AB%E1%84%8B%E1%85%B2%E1%86%A8_thumbnail.jpg?raw=true,999
무항생제 흑우 등심(1+등급),3,2021-07-16,45000,300,1,70,28,https://github.com/Pratiable/project_image_test/blob/main/images_jpg/beef/%E1%84%83%E1%85%B3%E1%86%BC%E1%84%89%E1%85%B5%E1%86%B7_thumbnail.jpg?raw=true,999
무항생제 흑우 안심(1등급),3,2021-07-16,35000,200,1,70,28,https://github.com/Pratiable/project_image_test/blob/main/images_jpg/beef/%E1%84%8B%E1%85%A1%E1%86%AB%E1%84%89%E1%85%B5%E1%86%B7_thumbnail.jpg?raw=true,999
무항생제 흑우 채끝(1++등급),3,2021-07-16,58000,300,1,80,42,https://github.com/Pratiable/project_image_test/blob/main/images_jpg/beef/%E1%84%8E%E1%85%A2%E1%84%81%E1%85%B3%E1%87%80_thumbnail.jpg?raw=true,999
무항생제 흑우 국거리(1+등급),3,2021-07-16,29000,300,1,100,28,https://github.com/Pratiable/project_image_test/blob/main/images_jpg/beef/%E1%84%80%E1%85%AE%E1%86%A8%E1%84%80%E1%85%A5%E1%84%85%E1%85%B5_thumbnail.jpg?raw=true,999
무항생제 흑우 분쇄육,3,2021-07-16,24900,400,1,250,28,https://github.com/Pratiable/project_image_test/blob/main/images_jpg/beef/%E1%84%87%E1%85%AE%E1%86%AB%E1%84%89%E1%85%AB%E1%84%8B%E1%85%B2%E1%86%A8_thumbnail.jpg?raw=true,999
제주 흑돼지 삼겹살,2,2021-07-16,17200,600,0,400,28,https://github.com/Pratiable/project_image_test/blob/main/images_jpg/pork/%E1%84%89%E1%85%A1%E1%86%B7%E1%84%80%E1%85%A7%E1%86%B8%E1%84%89%E1%85%A1%E1%86%AF_thumbnail.jpg?raw=true,999
제주 흑돼지 목살,2,2021-07-16,17200,600,0,400,14,https://github.com/Pratiable/project_image_test/blob/main/images_jpg/pork/%E1%84%86%E1%85%A9%E1%86%A8%E1%84%89%E1%85%A1%E1%86%AF_thumbnail.jpg?raw=true,999
제주 흑돼지 분쇄육,2,2021-07-16,6800,300,0,200,14,https://github.com/Pratiable/project_image_test/blob/main/images_jpg/pork/%E1%84%87%E1%85%AE%E1%86%AB%E1%84%89%E1%85%AB%E1%84%8B%E1%85%B2%E1%86%A8_thumbnail.jpg?raw=true,999
제주 흑돼지 등갈비,2,2021-07-16,17200,600,0,100,14,https://github.com/Pratiable/project_image_test/blob/main/images_jpg/pork/%E1%84%83%E1%85%B3%E1%86%BC%E1%84%80%E1%85%A1%E1%86%AF%E1%84%87%E1%85%B5_thumbnail.jpg?raw=true,999
제주 흑돼지 등심 돈까스용,2,2021-07-16,7500,600,0,60,14,https://github.com/Pratiable/project_image_test/blob/main/images_jpg/pork/%E1%84%83%E1%85%A9%E1%86%AB%E1%84%81%E1%85%A1%E1%84%89%E1%85%B3_thumbnail.jpg?raw=true,999
무항생제 제주 흑돼지 삼겹살,2,2021-07-16,19800,600,1,500,14,https://github.com/Pratiable/project_image_test/blob/main/images_jpg/pork/%E1%84%89%E1%85%A1%E1%86%B7%E1%84%80%E1%85%A7%E1%86%B8%E1%84%89%E1%85%A1%E1%86%AF_thumbnail.jpg?raw=true,999
무항생제 제주 흑돼지 목살,2,2021-07-16,19800,600,1,550,14,https://github.com/Pratiable/project_image_test/blob/main/images_jpg/pork/%E1%84%86%E1%85%A9%E1%86%A8%E1%84%89%E1%85%A1%E1%86%AF_thumbnail.jpg?raw=true,999
무항생제 제주 흑돼지 분쇄육,2,2021-07-16,8800,300,1,50,14,https://github.com/Pratiable/project_image_test/blob/main/images_jpg/pork/%E1%84%87%E1%85%AE%E1%86%AB%E1%84%89%E1%85%AB%E1%84%8B%E1%85%B2%E1%86%A8_thumbnail.jpg?raw=true,999
무항생제 제주 흑돼지 등갈비,2,2021-07-16,19800,600,1,50,14,https://github.com/Pratiable/project_image_test/blob/main/images_jpg/pork/%E1%84%83%E1%85%B3%E1%86%BC%E1%84%80%E1%85%A1%E1%86%AF%E1%84%87%E1%85%B5_thumbnail.jpg?raw=true,999
무항생제 제주 흑돼지 등심 돈까스용,2,2021-07-16,9000,600,1,100,14,https://github.com/Pratiable/project_image_test/blob/main/images_jpg/pork/%E1%84%83%E1%85%A9%E1%86%AB%E1%84%81%E1%85%A1%E1%84%89%E1%85%B3_thumbnail.jpg?raw=true,0