email,password,name,phone_number,point,address,zip_code
test1@gmail.com,12345678,이준영,01012345678,0,서울특별시 서초구 헌인릉길 9,06795
test2@gmail.com,12345678,서정민,01012345518,1000,경기도 화성시 향남읍 발안로 535-5,18624
test3@gmail.com,12345678,최현정,01012685678,2000,서울특별시 강남구 테헤란로 302,06210
test4@gmail.com,12345678,박관용,01011285678,3000,서울특별시 강남구 테헤란로 427,06159
test5@gmail.com,12345678,장운서,01012956578,4000,서울특별시 강남구 테헤란로 107,06134
test6@gmail.com,12345678,이재현,01012303578,5000,제주특별자치도 서귀포시 김정문화로 32,63567
test7@gmail.com,12345678,프론트,01012345699,6000,제주특별자치도 서귀포시 대청로25번길 9,63559
test8@gmail.com,12345678,백엔드,01012345748,7000,부산광역시 해운대구 해운대해변로 140,48092
test9@gmail.com,12345678,운영자,01012343546,8000,부산광역시 해운대구 해운대해변로 280,48099
test10@gmail.com,12345678,테스트,01012321878,10000,인천 연수구 송도문화로28번길 28,21986
no_order_user@gmail.com,12345678,주문안함,01000012348,5000,인천 연수구 송도문화로28번길 28,21986
no_order_user1@gmail.com,12345678,주문안함,01038212348,5000,인천 연수구 송도문화로28번길 28,21986